{
  "centralised_devign": {
    "precision": 0.5516265912305516,
    "recall": 0.5213903743315508,
    "f1": 0.5360824742268041,
    "auc": 0.6054713979061535
  },
  "centralised_gat": {
    "precision": 0.5449871465295629,
    "recall": 0.5668449197860963,
    "f1": 0.5557011795543906,
    "auc": 0.6127866799728854
  },
  "fedavg_gat": {
    "precision": 0.5571205007824727,
    "recall": 0.47593582887700536,
    "f1": 0.5133381398702235,
    "auc": 0.5990960244533153
  }
}