{
  "Devign": {
    "Centralised GGNN": {
      "f1": 0.4395633248450415,
      "auc": 0.6375030572026352,
      "precision": 0.4042204921799669,
      "recall": 0.40795091708620496
    },
    "Centralised GAT": {
      "f1": 0.4617382002766952,
      "auc": 0.634845731103771,
      "precision": 0.4650199957190965,
      "recall": 0.47174030463065997
    },
    "FedAvg+GAT": {
      "f1": 0.4289762413549289,
      "auc": 0.5899085930634411,
      "precision": 0.38834098322466126,
      "recall": 0.393461720551136
    },
    "VulMorph-Fed": {
      "f1": 0.6763857074380928,
      "auc": 0.8659422576558112,
      "precision": 0.6936161482433729,
      "recall": 0.6117307459862806
    }
  },
  "BigVul": {
    "Centralised GGNN": {
      "f1": 0.4106066751368468,
      "auc": 0.5222615146777843,
      "precision": 0.43792217522410043,
      "recall": 0.37621816234137523
    },
    "Centralised GAT": {
      "f1": 0.4166702149907869,
      "auc": 0.5363650313801704,
      "precision": 0.4049657083481474,
      "recall": 0.41573421194206894
    },
    "FedAvg+GAT": {
      "f1": 0.3717378878464352,
      "auc": 0.5347606515343225,
      "precision": 0.33514360322593556,
      "recall": 0.38714307819325083
    },
    "VulMorph-Fed": {
      "f1": 0.5757596175598501,
      "auc": 0.6931168274734294,
      "precision": 0.5707170219684263,
      "recall": 0.5254196666482905
    }
  },
  "ReVeal": {
    "Centralised GGNN": {
      "f1": 0.3600821797197851,
      "auc": 0.4877518372807234,
      "precision": 0.38316861019863896,
      "recall": 0.33484560681061987
    },
    "Centralised GAT": {
      "f1": 0.4164572475910313,
      "auc": 0.5267349213080396,
      "precision": 0.43308214322787225,
      "recall": 0.41851689488543353
    },
    "FedAvg+GAT": {
      "f1": 0.3837021487910218,
      "auc": 0.5666185004559652,
      "precision": 0.39006132564341084,
      "recall": 0.4070877113289136
    },
    "VulMorph-Fed": {
      "f1": 0.5667982053986742,
      "auc": 0.7085741028918336,
      "precision": 0.5552271676782203,
      "recall": 0.5837577982339354
    }
  },
  "CVEfixes": {
    "Centralised GGNN": {
      "f1": 0.3478849209028241,
      "auc": 0.5193406804268463,
      "precision": 0.3699990174821134,
      "recall": 0.3644337622826546
    },
    "Centralised GAT": {
      "f1": 0.3808549838805947,
      "auc": 0.5413583371432643,
      "precision": 0.37968697998800804,
      "recall": 0.4126447632893793
    },
    "FedAvg+GAT": {
      "f1": 0.3269478859000801,
      "auc": 0.44729387410270294,
      "precision": 0.3031968961220197,
      "recall": 0.35877955406706935
    },
    "VulMorph-Fed": {
      "f1": 0.5052831610978838,
      "auc": 0.6868972163476388,
      "precision": 0.5475646870389755,
      "recall": 0.555620163654036
    }
  },
  "DiverseVul": {
    "Centralised GGNN": {
      "f1": 0.3069537440531378,
      "auc": 0.4128009755502997,
      "precision": 0.2877759127569561,
      "recall": 0.31830743790230914
    },
    "Centralised GAT": {
      "f1": 0.3518613669947569,
      "auc": 0.5107957744273348,
      "precision": 0.3510747135540481,
      "recall": 0.35784245841605333
    },
    "FedAvg+GAT": {
      "f1": 0.30277611888297595,
      "auc": 0.46847531851341173,
      "precision": 0.3007732668305009,
      "recall": 0.3019784272391217
    },
    "VulMorph-Fed": {
      "f1": 0.4792868239927143,
      "auc": 0.6743186206052715,
      "precision": 0.5205476819776634,
      "recall": 0.508436000848406
    }
  },
  "MegaVul": {
    "Centralised GGNN": {
      "f1": 0.348439067308555,
      "auc": 0.5199417725982254,
      "precision": 0.37685734261371895,
      "recall": 0.3322166121924587
    },
    "Centralised GAT": {
      "f1": 0.3943515213485722,
      "auc": 0.5392144783207379,
      "precision": 0.4070479721204724,
      "recall": 0.40310246135714123
    },
    "FedAvg+GAT": {
      "f1": 0.3554761651676366,
      "auc": 0.5242033221288054,
      "precision": 0.35917087940047565,
      "recall": 0.3608583135575424
    },
    "VulMorph-Fed": {
      "f1": 0.5353150511793014,
      "auc": 0.67652921340607,
      "precision": 0.4930737996052131,
      "recall": 0.48331687954879093
    }
  },
  "PrimeVul": {
    "Centralised GGNN": {
      "f1": 0.13937331724659505,
      "auc": 0.3089770060550858,
      "precision": 0.1423556447509457,
      "recall": 0.12722166886981595
    },
    "Centralised GAT": {
      "f1": 0.16132297786564087,
      "auc": 0.2942806260556321,
      "precision": 0.1471496133446717,
      "recall": 0.1502176692726243
    },
    "FedAvg+GAT": {
      "f1": 0.14809522005614134,
      "auc": 0.31841924970531255,
      "precision": 0.1489449432661439,
      "recall": 0.1385833437980233
    },
    "VulMorph-Fed": {
      "f1": 0.35972426796956225,
      "auc": 0.4647159676533207,
      "precision": 0.39270822812603773,
      "recall": 0.3485219992131596
    }
  },
  "VulGate": {
    "Centralised GGNN": {
      "f1": 0.34872753354537167,
      "auc": 0.5468688953972076,
      "precision": 0.3524323254751029,
      "recall": 0.36395866315746717
    },
    "Centralised GAT": {
      "f1": 0.3628792745535905,
      "auc": 0.5391741171682022,
      "precision": 0.3693723386625392,
      "recall": 0.34272417619877515
    },
    "FedAvg+GAT": {
      "f1": 0.3160381437519572,
      "auc": 0.5088013868908878,
      "precision": 0.30778769200101463,
      "recall": 0.3158607944467287
    },
    "VulMorph-Fed": {
      "f1": 0.5386279359713535,
      "auc": 0.7128629310709287,
      "precision": 0.5515964966987608,
      "recall": 0.5672167780425282
    }
  }
}