{
  "precision": 0.5237483953786907,
  "recall": 0.5454545454545454,
  "f1": 0.5343811394891945,
  "auc": 0.5808125266752028
}