{
  "0.1": {
    "precision": 0.5235361653272101,
    "recall": 0.6096256684491979,
    "f1": 0.5633106856084003,
    "auc": 0.5840669014084507,
    "epsilon": "0.1"
  },
  "0.5": {
    "precision": 0.5171149144254279,
    "recall": 0.5655080213903744,
    "f1": 0.5402298850574713,
    "auc": 0.5814715610956291,
    "epsilon": "0.5"
  },
  "1.0": {
    "precision": 0.5142531356898518,
    "recall": 0.6029411764705882,
    "f1": 0.555076923076923,
    "auc": 0.5805175303155834,
    "epsilon": "1.0"
  },
  "2.0": {
    "precision": 0.5237483953786907,
    "recall": 0.5454545454545454,
    "f1": 0.5343811394891945,
    "auc": 0.5808125266752028,
    "epsilon": "2.0"
  },
  "5.0": {
    "precision": 0.5061867266591676,
    "recall": 0.6016042780748663,
    "f1": 0.5497861942577886,
    "auc": 0.5791492493284125,
    "epsilon": "5.0"
  },
  "inf": {
    "precision": 0.5030864197530864,
    "recall": 0.6537433155080213,
    "f1": 0.5686046511627907,
    "auc": 0.5793140079335191,
    "epsilon": "inf"
  }
}