{
  "3": {
    "precision": 0.5116564417177915,
    "recall": 0.5574866310160428,
    "f1": 0.5335892514395394,
    "auc": 0.582306338028169,
    "ccr_kb": 30.0,
    "num_clients": 3
  },
  "5": {
    "precision": 0.5254854368932039,
    "recall": 0.5788770053475936,
    "f1": 0.5508905852417303,
    "auc": 0.5749173068715323,
    "ccr_kb": 50.0,
    "num_clients": 5
  },
  "10": {
    "precision": 0.6078431372549019,
    "recall": 0.12433155080213903,
    "f1": 0.20643729189789123,
    "auc": 0.5728178115036027,
    "ccr_kb": 100.0,
    "num_clients": 10
  },
  "20": {
    "precision": 0.6190476190476191,
    "recall": 0.017379679144385027,
    "f1": 0.033810143042912875,
    "auc": 0.5333612638397228,
    "ccr_kb": 200.0,
    "num_clients": 20
  }
}